City_ID,City,Lat,Lng,Max Temp,Humidity,Cloudiness,Wind Speed,Country,Date
0,edinburgh of the seven seas,-37.0676,-12.3116,9.76,55,36,10.27,Edinburgh of the Seven Seas,0
1,grytviken,-54.2811,-36.5092,2.64,97,100,5.84,Grytviken,-7200
2,waitangi,-43.9535,-176.5597,12.12,86,94,3.13,Waitangi,49500
3,ribeira grande,38.5167,-28.7,20.22,68,20,4.63,Ribeira Grande,0
4,adamstown,-25.066,-130.1015,19.85,76,72,11.07,Adamstown,-28800
5,port-aux-francais,-49.35,70.2167,1.88,69,83,14.97,Port-aux-Français,18000
6,bethel,41.3712,-73.414,25.5,58,37,0.45,Bethel,-14400
7,tiksi,71.6872,128.8694,-2.39,78,100,6.25,Tiksi,32400
8,chorozinho,-4.3003,-38.4978,28.95,56,60,4.9,Chorozinho,-10800
9,zubtsov,56.1753,34.5894,11.42,84,100,2.35,Zubtsov,10800
10,iqaluit,63.7506,-68.5145,4.85,75,75,5.66,Iqaluit,-14400
11,hobyo,5.3505,48.5268,26.02,87,8,8.57,Hobyo,10800
12,salmon arm,50.6998,-119.3024,13.62,67,97,0.51,Salmon Arm,-25200
13,berdigestyakh,62.0989,126.6992,4.05,77,100,0.45,Berdigestyakh,32400
14,alakurtti,66.9672,30.3491,3.59,76,100,1.28,Alakurtti,10800
15,nova sintra,14.8667,-24.7167,23.83,81,77,4.38,Nova Sintra,-3600
16,thinadhoo,0.5333,72.9333,27.93,76,59,5.12,Thinadhoo,18000
17,college,64.8569,-147.8028,1.97,92,100,3.6,College,-28800
18,olonkinbyen,70.9221,-8.7187,2.44,97,100,7.59,Olonkinbyen,7200
19,margaret river,-33.95,115.0667,12.82,65,91,7.38,Margaret River,28800
20,yellowknife,62.456,-114.3525,10.79,98,75,1.54,Yellowknife,-21600
21,punta arenas,-53.15,-70.9167,9.06,57,100,4.63,Punta Arenas,-10800
22,puerto natales,-51.7236,-72.4875,8.25,66,75,3.6,Puerto Natales,-10800
23,colonia,50.9333,6.95,21.13,65,0,3.09,Cologne,7200
24,cabedelo,-6.9811,-34.8339,28.37,73,46,5.14,Cabedelo,-10800
25,bilibino,68.0546,166.4372,-8.36,97,100,0.83,Bilibino,43200
26,ushuaia,-54.8,-68.3,6.81,49,75,1.54,Ushuaia,-10800
27,kerikeri,-35.2268,173.9474,12.17,93,19,3.54,Kerikeri,46800
28,weatherford,32.7593,-97.7972,33.22,37,100,1.34,Weatherford,-18000
29,masterton,-40.9597,175.6575,8.27,61,85,6.0,Masterton,46800
30,albany,42.6001,-73.9662,25.36,50,44,1.34,Albany,-14400
31,badger,64.8,-147.5333,1.93,94,100,3.6,Badger,-28800
32,kirakira,-10.4544,161.9205,26.75,89,98,5.03,Kirakira,39600
33,al kharijah,25.4514,30.5464,26.83,33,100,4.94,Al Khārijah,10800
34,utrik,11.2278,169.8474,28.67,78,13,7.45,Utrik,43200
35,ola,59.5833,151.2833,6.34,79,55,4.71,Ola,39600
36,puerto ayora,-0.7393,-90.3518,26.98,92,95,3.13,Puerto Ayora,-21600
37,mulayjah,27.271,48.4242,30.57,24,0,2.67,Mulayjah,10800
38,ilulissat,69.2167,-51.1,0.01,43,0,3.09,Ilulissat,-7200
39,ust-nera,64.5667,143.2,-1.55,81,31,0.89,Ust-Nera,36000
40,isafjordur,66.0755,-23.124,1.47,93,100,7.37,Isafjordur,0
41,iskateley,67.6803,53.1512,3.9,78,84,9.39,Iskateley,10800
42,qamdo,31.1667,97.2333,4.61,74,8,1.87,Chamdo,28800
43,shimanovsk,52.0,127.7,5.44,83,13,1.1,Shimanovsk,32400
44,baiti,13.745,-14.7482,30.7,63,100,2.54,Baiti,0
45,port mathurin,-19.6833,63.4167,23.52,84,22,6.94,Port Mathurin,14400
46,el granada,37.5027,-122.4694,26.15,70,40,2.06,El Granada,-25200
47,greenville,35.6127,-77.3663,28.09,45,0,4.12,Greenville,-14400
48,keflavik,64.0049,-22.5624,7.95,75,75,8.23,Keflavik,0
49,hermanus,-34.4187,19.2345,15.72,78,0,1.21,Hermanus,7200
50,puerto deseado,-47.7503,-65.8938,10.33,59,0,6.16,Puerto Deseado,-10800
51,puerto santa,-8.9906,-78.6456,20.8,78,30,5.61,Puerto Santa,-18000
52,luanda,-8.8368,13.2343,24.0,83,40,4.12,Luanda,3600
53,susuman,62.7833,148.1667,-1.68,82,7,1.34,Susuman,39600
54,long beach,33.767,-118.1892,25.06,68,75,5.14,Long Beach,-25200
55,velikiy ustyug,60.7644,46.3106,10.94,89,100,4.47,Velikiy Ustyug,10800
56,invercargill,-46.4,168.35,3.9,93,17,1.79,Invercargill,46800
57,oriximina,-1.7656,-55.8661,36.9,28,100,3.47,Oriximiná,-10800
58,navoiy,40.0844,65.3792,11.71,35,0,2.06,Navoiy,18000
59,okhotsk,59.3833,143.3,6.18,77,12,4.12,Okhotsk,36000
60,enewetak,11.3474,162.3373,28.95,79,98,7.44,Enewetak,43200
61,brisas de zicatela,15.8369,-97.0419,31.29,58,75,0.0,Brisas de Zicatela,-21600
62,paita,-5.0892,-81.1144,23.11,70,11,7.76,Paita,-18000
63,novyy urgal,51.0736,132.5642,5.55,92,68,0.5,Novyy Urgal,36000
64,klyuchi,52.2667,79.1667,5.06,55,2,3.16,Klyuchi,25200
65,blackmans bay,-43.0167,147.3167,14.07,63,100,7.08,Blackmans Bay,39600
66,yoloten,37.2989,62.3597,19.53,22,63,5.04,Yolöten,18000
67,taskopru,41.5098,34.2141,12.34,92,12,2.02,Taşköprü,10800
68,luderitz,-26.6481,15.1594,16.74,74,0,3.44,Lüderitz,7200
69,sainyabuli,19.25,101.75,21.27,99,100,0.29,Sainyabuli,25200
70,fort st. john,56.2499,-120.8529,12.94,54,75,8.75,Fort St. John,-25200
71,atafu village,-8.5421,-172.5159,28.24,73,7,2.35,Atafu Village,46800
72,vanimo,-2.6741,141.3028,25.23,88,100,3.04,Vanimo,36000
73,thompson,55.7435,-97.8558,6.09,87,100,1.54,Thompson,-18000
74,kupino,54.3663,77.2981,10.47,40,5,1.57,Kupino,25200
75,la passe,45.5549,-0.8967,24.13,93,7,3.91,La Passe,7200
76,whitehorse,60.7161,-135.0538,8.39,77,75,4.63,Whitehorse,-25200
77,fayroz koh,34.5195,65.2509,7.02,20,0,1.19,Fayrōz Kōh,16200
78,rovaniemi,66.5,25.7167,5.67,93,100,2.57,Rovaniemi,10800
79,wailua homesteads,22.0669,-159.378,27.24,82,20,3.09,Wailua Homesteads,-36000
80,shingu,33.7333,135.9833,15.82,68,84,2.67,Shingū,32400
81,tolanaro,-25.0319,46.9987,19.04,82,75,5.14,Tôlanaro,10800
82,ushachy,55.1786,28.6035,9.84,80,95,2.54,Ushachy,10800
83,queenstown,-31.8976,26.8753,19.74,28,0,2.85,Queenstown,7200
84,gaiman,-43.2897,-65.4929,16.68,33,15,8.04,Gaimán,-10800
85,laojunmiao,39.8333,97.7333,11.74,39,96,1.65,Laojunmiao,28800
86,aasiaat,68.7098,-52.8699,-4.71,69,0,3.98,Aasiaat,-7200
87,ugoofaaru,5.6667,73.0,27.13,81,98,6.29,Ugoofaaru,18000
88,remire-montjoly,4.9167,-52.2667,31.02,66,100,5.66,Rémire-Montjoly,-10800
89,vilyuchinsk,52.9306,158.4028,8.85,93,100,6.65,Vilyuchinsk,43200
90,jamestown,42.097,-79.2353,26.4,56,75,1.54,Jamestown,-14400
91,hamilton,39.1834,-84.5333,31.29,46,0,2.57,Hamilton,-14400
92,ishikawa,26.4233,127.8214,27.41,95,75,6.71,Ishikawa,32400
93,stanley,54.868,-1.6985,11.01,91,20,2.06,Stanley,3600
94,akrehamn,59.2667,5.1833,14.14,72,40,7.72,Åkrehamn,7200
95,bredasdorp,-34.5322,20.0403,13.85,71,0,1.44,Bredasdorp,7200
96,fort bragg,35.139,-79.006,28.79,48,20,5.14,Fort Bragg,-14400
97,howard springs,-12.497,131.047,25.95,84,39,1.44,Howard Springs,34200
98,balqash,46.8481,74.995,14.16,61,18,4.41,Balqash,21600
99,port lincoln,-34.7333,135.8667,13.52,72,82,4.77,Port Lincoln,37800
100,krasnogvardeyskoye,45.8456,41.5186,19.45,53,99,2.64,Krasnogvardeyskoye,10800
101,qaqortoq,60.7167,-46.0333,5.94,53,100,1.44,Qaqortoq,-7200
102,kayyerkan,69.3786,87.7439,-1.5,100,100,9.07,Kayyerkan,25200
103,lebu,-37.6167,-73.65,10.55,82,100,4.89,Lebu,-10800
104,inarajan village,13.2736,144.7484,26.89,94,98,6.02,Inarajan Village,36000
105,port alfred,-33.5906,26.891,17.32,89,0,0.45,Port Alfred,7200
106,neryungri,56.6709,124.6491,1.25,93,100,3.19,Neryungri,32400
107,afaahiti,-17.75,-149.2833,24.93,87,73,7.22,Afaahiti,-36000
108,kailua-kona,19.6406,-155.9956,29.17,77,40,3.09,Kailua-Kona,-36000
109,lihue,21.9789,-159.3672,27.58,78,20,3.09,Lihue,-36000
110,talnakh,69.4865,88.3972,-1.55,95,100,7.98,Talnakh,25200
111,kingston,17.997,-76.7936,33.53,68,40,4.63,Kingston,-18000
112,hadibu,12.65,54.0333,27.08,81,6,1.49,Hadibu,10800
113,vilhena,-12.7406,-60.1458,34.12,43,40,5.14,Vilhena,-14400
114,udachny,66.4167,112.4,-7.16,95,12,2.5,Udachny,32400
115,yuzhno-kurilsk,44.0306,145.8556,14.65,74,24,7.27,Yuzhno-Kurilsk,36000
116,ponta delgada,37.7333,-25.6667,20.66,73,20,5.66,Ponta Delgada,0
117,turbat,26.0023,63.044,30.14,34,0,1.09,Turbat,18000
118,puerto rosario,-24.45,-57.0833,37.01,23,2,1.26,Puerto Rosario,-10800
119,papatowai,-46.5619,169.4708,6.14,63,13,2.58,Papatowai,46800
120,aykhal,66.0,111.5,-7.74,91,99,3.13,Aykhal,32400
121,khandyga,62.6667,135.6,5.44,88,100,1.11,Khandyga,32400
122,mandalgovi,45.7625,106.2708,2.11,64,28,5.71,Mandalgovi,28800
123,ketchikan,55.3422,-131.6461,12.26,94,100,6.69,Ketchikan,-28800
124,usinsk,65.9939,57.5281,6.15,79,98,10.28,Usinsk,10800
125,happy valley-goose bay,53.3168,-60.3315,12.17,43,75,6.69,Happy Valley-Goose Bay,-10800
126,mount sterling,38.0565,-83.9433,29.1,42,0,2.57,Mount Sterling,-14400
127,algona,43.07,-94.233,31.2,35,0,7.72,Algona,-18000
128,sisimiut,66.9395,-53.6735,2.51,68,82,1.17,Sisimiut,-7200
129,puerto baquerizo moreno,-0.9,-89.6,27.55,69,40,7.72,Puerto Baquerizo Moreno,-21600
130,yerofey pavlovich,53.9667,121.9667,5.06,89,100,1.08,Yerofey Pavlovich,32400
131,lompoc,34.6391,-120.4579,25.56,73,40,5.66,Lompoc,-25200
132,tuymazy,54.6067,53.7097,13.29,70,100,2.31,Tuymazy,18000
133,krasnozerskoye,53.9828,79.2374,4.34,50,1,1.32,Krasnozerskoye,25200
134,georgetown,5.4112,100.3354,26.96,92,20,0.51,George Town,28800
135,les cayes,18.2,-73.75,30.34,72,99,2.99,Les Cayes,-14400
136,yeniseysk,58.4497,92.1703,3.86,58,100,4.47,Yeniseysk,25200
137,petropavlovsk-kamchatsky,53.0452,158.6483,8.03,92,100,6.71,Petropavlovsk-Kamchatskiy,43200
138,itirapina,-22.2528,-47.8228,25.98,66,55,3.75,Itirapina,-10800
139,dudinka,69.4058,86.1778,-1.32,96,100,10.28,Dudinka,25200
140,aksuat,48.7167,83.7,11.24,58,1,2.25,Aksuat,21600
141,beira,-19.8436,34.8389,22.05,78,40,7.2,Beira,7200
142,canchungo,12.0672,-16.0333,30.07,87,59,2.6,Canchungo,0
143,tobelo,1.7284,128.0095,26.33,86,98,1.18,Tobelo,32400
144,dem'yanovo,60.3511,47.0842,10.77,93,99,2.28,Dem'yanovo,10800
145,aioun,16.6614,-9.6149,36.98,12,28,4.01,Ayoun El Atrous,0
146,saldanha,-33.0117,17.9442,15.58,85,0,6.75,Saldanha,7200
147,nova xavantina,-14.6667,-52.35,36.5,30,62,0.84,Nova Xavantina,-14400
148,chonchi,-42.6128,-73.8092,11.56,80,100,0.63,Chonchi,-10800
149,fuglafjordur,62.244,-6.814,10.26,89,100,9.53,Fuglafjørður,3600
150,axim,4.8699,-2.2405,25.31,90,61,4.13,Esim,0
151,kabalo,-6.05,26.9167,26.78,53,86,0.93,Kabalo,7200
152,recani,31.2846,-4.2688,28.47,22,99,3.35,Reçani,3600
153,teyateyaneng,-29.1472,27.7489,15.73,34,0,2.77,Teyateyaneng,7200
154,mastic beach,40.7668,-72.8521,24.87,63,0,3.58,Mastic Beach,-14400
155,lazaro cardenas,17.9583,-102.2,30.63,72,96,3.69,Lázaro Cárdenas,-21600
156,bousso,10.4795,16.7117,25.61,72,74,2.17,Bousso,3600
157,hawaiian paradise park,19.5933,-154.9731,27.71,82,100,1.54,Hawaiian Paradise Park,-36000
158,bambamarca,-6.6833,-78.5333,18.83,62,100,3.48,Bambamarca,-18000
159,mazagao,-0.115,-51.2894,34.03,49,75,3.84,Mazagão,-10800
160,avarua,-21.2078,-159.775,22.03,73,75,5.14,Avarua,-36000
161,griffith,41.5284,-87.4237,32.27,46,0,3.6,Griffith,-18000
162,puerto carreno,6.189,-67.4859,32.99,58,40,4.12,Puerto Carreño,-18000
163,north bend,43.4065,-124.2243,19.58,72,100,2.06,North Bend,-25200
164,codrington,-38.2667,141.9667,12.59,95,83,4.0,Codrington,39600
165,derzhavinsk,51.1,66.3167,10.38,65,0,2.95,Derzhavīnsk,21600
166,tongliao,43.6125,122.2653,18.03,44,100,6.34,Tongliao,28800
167,quellon,-43.1167,-73.6167,8.6,72,100,1.12,Quellón,-10800
168,benguela,-12.5763,13.4055,22.63,79,6,0.29,Benguela,3600
169,lubang,13.8584,120.124,27.93,83,100,7.44,Lubang,28800
170,park forest village,40.8067,-77.9169,26.78,59,40,2.57,Park Forest Village,-14400
171,mzimba,-11.9,33.6,21.49,49,33,5.15,Mzimba,7200
172,polyarnyy,69.1989,33.4478,2.38,73,100,3.8,Polyarny,10800
173,wellington,-41.2866,174.7756,8.81,77,100,12.86,Wellington,46800
174,east london,-33.0153,27.9116,18.81,76,0,7.55,East London,7200
175,constantia,44.1833,28.65,15.39,48,0,4.63,Constanța,10800
176,youhao,47.8667,128.8333,6.03,85,50,1.06,Youhao,28800
177,ulladulla,-35.35,150.4667,18.48,64,100,3.26,Ulladulla,39600
178,douglas,41.3,-96.167,32.9,34,0,8.75,Douglas,-18000
179,nuuk,64.1835,-51.7216,4.34,75,75,2.06,Nuuk,-7200
180,nefta,33.8731,7.8777,28.14,41,0,5.23,Nefta,3600
181,west island,-12.1568,96.8225,24.99,73,75,9.77,West Island,23400
182,volterra,43.4003,10.86,19.2,59,6,0.73,Volterra,7200
183,port elizabeth,-33.918,25.5701,17.83,87,0,1.34,Port Elizabeth,7200
184,aden,12.7794,45.0367,30.27,70,0,6.23,Aden,10800
185,pyhajarvi,67.0701,27.2176,5.06,87,100,1.91,Pyhäjärvi,10800
186,katsuren-haebaru,26.3369,127.8719,27.43,96,75,6.17,Katsuren-haebaru,32400
187,malango,-2.9627,119.9001,18.45,96,90,0.74,Malango,28800
188,safotu,-13.4513,-172.4018,27.26,88,82,13.17,Safotu,46800
189,cole harbour,44.6724,-63.4751,21.77,43,1,5.66,Cole Harbour,-10800
190,saipan,15.1355,145.701,28.39,89,40,4.12,Saipan,36000
191,aroma,15.8167,36.1333,33.87,16,0,5.01,Aroma,7200
192,burao,9.5221,45.5336,26.75,35,14,1.41,Burao,10800
193,alofi,-19.0595,-169.9187,21.94,68,75,7.72,Alofi,-39600
194,kharp,66.8014,65.8081,5.39,88,100,6.0,Kharp,18000
195,puerto la cruz,10.2167,-64.6167,29.06,77,100,4.67,Puerto La Cruz,-14400
196,ta`u,-14.2336,-169.5144,26.7,81,98,11.05,Ta`ū,-39600
197,alice springs,-23.7,133.8833,27.75,21,43,4.63,Alice Springs,34200
198,guajara mirim,-10.7828,-65.3394,37.09,36,40,3.6,Guajará-Mirim,-14400
199,kazanskoye,55.6448,69.235,9.15,70,84,3.7,Kazanskoye,18000
200,bridgewater,44.3835,-64.5155,21.79,40,0,2.06,Bridgewater,-10800
201,boende,-0.2167,20.8667,22.17,97,77,0.87,Boende,3600
202,tongzhou,39.9053,116.5994,11.06,93,0,0.0,Tongzhou,28800
203,carnarvon,-24.8667,113.6333,16.23,64,0,11.23,Carnarvon,28800
204,pacanga,-7.1667,-79.5,26.02,53,61,7.15,Pacanga,-18000
205,realeza,-25.7689,-53.5325,31.0,29,3,2.4,Realeza,-10800
206,mount isa,-20.7333,139.5,13.87,51,6,0.0,Mount Isa,36000
207,namibe,-15.1961,12.1522,19.65,79,3,1.31,Mossamedes,3600
208,thunder bay,48.4001,-89.3168,29.99,45,75,2.57,Thunder Bay,-14400
209,eyl,7.9803,49.8164,26.68,81,10,8.27,Eyl,10800
210,weno,7.4515,151.8468,24.97,94,100,0.0,Weno,36000
211,jumla,29.2747,82.1838,15.06,97,100,0.23,Jumla,20700
212,simanggang,1.2472,111.4528,23.99,94,99,0.0,Simanggang,28800
213,micheweni,-4.9667,39.8333,25.47,83,37,6.12,Micheweni,10800
214,mil'kovo,55.6078,37.7956,12.08,69,80,2.86,Mil’kovo,10800
215,nar'yan-mar,67.6713,53.087,3.95,78,76,9.39,Naryan-Mar,10800
216,saudarkrokur,65.7461,-19.6394,3.37,92,100,4.49,Sauðarkrokur,0
217,geneina,13.45,22.45,25.82,61,100,1.04,Geneina,7200
218,newark,40.7357,-74.1724,27.68,54,40,5.14,Newark,-14400
219,kasangulu,-4.5911,15.1708,32.49,65,56,1.37,Kasangulu,3600
220,port lavaca,28.615,-96.6261,35.62,62,0,8.75,Lavaca,-18000
221,nemuro,43.3236,145.575,13.61,71,22,10.19,Nemuro,32400
222,sungurlu,40.1675,34.3739,15.53,64,80,1.94,Sungurlu,10800
223,dhidhdhoo,6.8833,73.1,27.06,82,100,6.61,Dhidhdhoo,18000
224,al mijlad,11.0333,27.7333,25.58,78,99,10.35,Al Mijlad,7200
225,pointe-du-lac,46.2869,-72.6845,24.33,61,49,4.63,Pointe-du-Lac,-14400
226,geraldton,-28.7667,114.6,14.23,72,100,2.57,Geraldton,28800
227,parfino,57.9731,31.6481,8.69,85,25,1.94,Parfino,10800
228,kone,-21.0595,164.8658,20.57,77,95,2.4,Koné,39600
229,rafaela,-31.2503,-61.4867,29.43,14,7,2.68,Rafaela,-10800
230,kununurra,-15.7667,128.7333,23.99,83,40,1.54,Kununurra,28800
231,cabugao,17.7931,120.4578,26.92,90,100,1.87,Cabugao,28800
232,kapa'a,22.0752,-159.319,27.99,82,20,3.09,Kapaa,-36000
233,brokopondo,4.75,-55.1667,34.27,43,94,1.77,Distrikt Brokopondo,-10800
234,mejit,10.2753,170.8646,28.58,78,11,7.1,Mejit,43200
235,barra dos coqueiros,-10.9089,-37.0386,28.01,65,0,6.17,Barra dos Coqueiros,-10800
236,tambacounda,13.7539,-13.7586,34.03,62,40,2.06,Tambacounda,0
237,baoro,5.6667,15.9667,21.82,95,100,1.22,Baoro,3600
238,fonte boa,-2.4959,-66.2662,35.46,38,100,1.76,Fonte Boa,-14400
239,kodiak,57.79,-152.4072,7.73,53,0,8.75,Saint Paul Harbor,-28800
240,cabo san lucas,22.8909,-109.9124,35.34,68,0,4.2,Cabo San Lucas,-25200
241,soufriere,13.8562,-61.0566,31.81,81,75,7.72,Soufrière,-14400
242,longyearbyen,78.2186,15.6401,-3.09,74,75,8.75,Longyearbyen,7200
243,san jose,37.3394,-121.895,25.98,45,20,4.63,San Jose,-25200
244,mount pearl,47.5166,-52.7813,14.85,84,20,2.06,Mount Pearl,-9000
245,buchanan,5.8808,-10.0467,25.21,91,52,3.71,Buchanan,0
246,prince rupert,54.3161,-130.3201,13.05,87,100,3.09,Prince Rupert,-25200
247,albion park,-34.5667,150.7833,18.05,88,12,2.68,Albion Park,39600
248,zaozersk,69.4005,32.4476,1.77,76,100,2.71,Zaozërsk,10800
249,soio,-6.1349,12.3689,24.74,88,38,4.21,Soyo,3600
250,port hedland,-20.3167,118.5667,21.03,94,31,2.57,Port Hedland,28800
251,egilsstadir,65.2653,-14.3948,5.95,93,100,9.26,Egilsstadir,0
252,kourou,5.1552,-52.6478,31.03,69,59,5.51,Kourou,-10800
253,prado,-17.3411,-39.2208,25.03,86,100,4.7,Prado,-10800
254,porto novo,6.4965,2.6036,27.9,86,76,2.84,Porto-Novo,3600
255,st. john's,47.5649,-52.7093,15.31,84,20,2.06,St. John's,-9000
256,bonanza,14.0289,-84.591,33.31,47,67,1.89,Bonanza,-21600
257,akureyri,65.6835,-18.0878,4.96,81,100,6.69,Akureyri,0
258,kavaratti,10.5669,72.642,27.88,77,100,3.94,Kavaratti,19800
259,bayawan,9.3636,122.8011,26.75,88,100,3.81,Bayawan,28800
260,al ghayzah,16.2079,52.176,26.48,78,1,2.26,Al Ghayzah,10800
261,sur,22.5667,59.5289,29.87,55,21,3.17,Sur,14400
262,lautoka,-17.6167,177.4667,21.92,73,40,5.14,Lautoka,43200
263,usogorsk,63.4106,48.6872,7.04,86,64,2.63,Usogorsk,10800
264,la sarre,48.8002,-79.1996,24.82,63,100,5.6,La Sarre,-14400
265,hammerfest,70.6634,23.6821,2.25,80,75,0.0,Hammerfest,7200
266,kokkola,63.8385,23.1307,9.4,94,100,3.6,Kokkola,10800
267,manismata,-2.4667,111.0333,21.24,93,91,1.24,Manismata,25200
268,vorkuta,67.5,64.0,3.14,96,100,8.51,Vorkuta,10800
269,kavieng,-2.5744,150.7967,27.38,80,100,2.05,Kavieng,36000
270,biloela,-24.4167,150.5,15.46,91,0,2.44,Biloela,36000
271,adam,22.3756,57.5233,30.22,19,96,2.33,Adam,14400
272,hithadhoo,-0.6,73.0833,27.8,74,35,5.43,Hithadhoo,18000
273,rio grande,-32.035,-52.0986,21.06,73,0,3.71,Rio Grande,-10800
274,catalhoyuk,37.6685,32.8269,14.12,72,65,3.48,Catalhoyuk,10800
275,sola,-13.8833,167.55,25.6,84,100,11.34,Sola,39600
276,kill devil hills,36.0307,-75.676,25.0,75,75,6.17,Kill Devil Hills,-14400
277,chibougamau,49.9168,-74.3659,16.79,72,100,6.17,Chibougamau,-14400
278,kindu,-2.95,25.95,23.94,75,24,0.66,Kindu,7200
279,zharkent,44.1628,80.0,15.96,38,100,1.95,Zharkent,21600
280,auki,-8.7676,160.7034,26.35,89,96,2.26,Auki,39600
281,zhanjiang,21.2815,110.3427,26.06,90,90,2.76,Zhanjiang,28800
282,nsanje,-16.92,35.262,23.1,78,56,3.29,Nsanje,7200
283,kashiwazaki,37.3667,138.55,14.51,63,79,2.59,Kashiwazaki,32400
284,solnechnyy,50.7214,136.6319,6.13,92,100,3.11,Solnechnyy,36000
285,tofol,5.3248,163.0078,28.55,70,11,0.95,Tofol,39600
286,myeik,12.4333,98.6,25.94,87,100,2.43,Myeik,23400
287,bhimunipatnam,17.8833,83.4333,26.94,85,100,5.96,Bhīmunipatnam,19800
288,parola,20.8833,75.1167,24.61,78,42,1.62,Parola,19800
289,riviere-du-loup,47.8304,-69.5342,20.15,52,64,2.57,Rivière-du-Loup,-14400
290,marica,-22.9194,-42.8186,21.97,87,100,2.37,Maricá,-10800
291,katabu,-4.9333,122.5167,22.5,93,98,1.42,Katabu,28800
292,obo,5.3998,26.4869,23.77,82,100,0.99,Obo,3600
293,charters towers,-20.1,146.2667,16.56,97,30,3.08,Charters Towers,36000
294,ust'-barguzin,53.45,108.9833,3.94,58,43,2.68,Ust'-Barguzin,28800
295,mount gambier,-37.8333,140.7667,12.13,82,83,3.54,Mount Gambier,37800
296,letterkenny,54.95,-7.7333,12.94,87,94,3.23,Letterkenny,3600
297,oamaru,-45.0784,170.9801,6.32,73,12,3.37,Oamaru,46800
298,belokurikha,51.9959,84.9896,5.32,89,0,1.34,Belokurikha,25200
299,koulikoro,14.0,-7.75,32.45,34,100,2.15,Koulikoro,0
300,zeya,53.75,127.2667,6.05,85,18,1.34,Zeya,32400
301,margate,51.3813,1.3862,19.06,94,100,1.34,Margate,3600
302,lake wales,27.9014,-81.5859,31.01,61,20,7.2,Lake Wales,-14400
303,castillos,-34.1667,-53.8333,15.9,72,30,2.85,Castillos,-10800
304,arraial do cabo,-22.9661,-42.0278,21.98,88,75,3.09,Arraial do Cabo,-10800
305,greenwood,34.1668,-82.1165,28.9,48,0,3.6,Greenwood,-14400
306,mossel bay,-34.1831,22.146,18.16,67,0,1.65,Mossel Bay,7200
307,nogliki,51.8333,143.1667,10.75,96,100,11.18,Nogliki,39600
308,selfoss,63.9331,-20.9971,7.8,67,100,4.75,Selfoss,0
309,chernyshevskiy,63.0128,112.4714,-3.83,88,66,2.63,Chernyshevskiy,32400
310,macau,22.2006,113.5461,28.81,83,20,2.57,Macao,28800
311,new norfolk,-42.7826,147.0587,14.72,73,100,2.06,New Norfolk,39600
312,palangkaraya,-2.2,113.8333,22.58,90,72,0.87,Palangkaraya,25200
313,mishelevka,52.8575,103.1719,4.49,75,98,1.13,Mishelevka,28800
314,lazarevskoye,43.9061,39.3331,19.93,70,100,2.66,Lazarevskoye,10800
315,acapulco de juarez,16.8634,-99.8901,31.9,70,75,3.6,Acapulco de Juárez,-21600
316,watseka,40.7762,-87.7364,31.3,34,0,2.51,Watseka,-18000
317,novodvinsk,64.4165,40.8122,3.21,84,27,1.64,Novodvinsk,10800
318,kharan,28.5833,65.4167,25.16,11,0,2.72,Kharan,18000
319,humberto de campos,-2.5983,-43.4611,29.12,63,24,4.32,Humberto de Campos,-10800
320,kuta,-8.7233,115.1723,23.97,100,20,1.54,Kuta,28800
321,sai buri,6.7013,101.6168,25.43,87,100,1.58,Sai Buri,25200
322,bardai,11.65,7.2333,22.2,88,96,3.0,Bardai,3600
323,pallisa,1.145,33.7094,19.98,93,99,2.12,Pallisa,10800
324,baoying,33.2292,119.3092,17.93,84,100,1.27,Baoying,28800
325,vila velha,-20.3297,-40.2925,24.97,86,75,4.63,Vila Velha,-10800
326,sibut,5.718,19.0739,22.32,97,100,0.44,Sibut,3600
327,chos malal,-37.3781,-70.2709,16.8,24,1,6.89,Chos Malal,-10800
328,xiva,41.3783,60.3639,11.99,36,33,4.29,Khiva,18000
329,amlapura,-8.45,115.6167,23.48,88,84,2.61,Amlapura,28800
330,caconda,-13.7333,15.0667,22.61,41,38,2.4,Caconda,3600
331,yima,34.7381,111.8839,12.27,89,0,2.4,Yima,28800
332,berezovyy,51.6667,135.7,6.13,91,98,0.98,Berezovyy,36000
333,nambucca,-30.6333,152.9833,13.79,79,0,2.13,Nambucca,39600
334,waitara,-38.925,174.25,7.22,81,100,8.27,Waitara,46800
335,ribeira brava,32.65,-17.0667,24.45,78,4,2.28,Ribeira Brava,3600
336,halifax,44.6453,-63.5724,22.05,42,1,5.66,Halifax,-10800
337,fale old settlement,-9.3852,-171.2468,28.01,75,24,3.97,Fale old settlement,46800
338,coracora,-15.0333,-73.7833,17.57,50,95,6.12,Coracora,-18000
339,dunedin,-45.8742,170.5036,7.11,72,10,0.89,Dunedin,46800
340,vorgashor,67.5833,63.95,2.89,95,100,8.74,Vorgashor,10800
341,maloye ganyushkino,46.6,49.2667,18.43,59,92,2.56,Maloye Ganyushkino,18000
342,vila franca do campo,37.7167,-25.4333,20.49,99,99,4.3,Vila Franca do Campo,0
343,cidreira,-30.1811,-50.2056,15.66,63,5,3.42,Cidreira,-10800
344,la mira,18.035,-102.3266,30.25,75,100,3.68,La Mira,-21600
345,pisco,-13.7,-76.2167,23.03,64,0,4.63,Pisco,-18000
346,virginia,37.5481,-77.4467,29.18,56,20,3.09,Virginia,-14400
347,fortaleza,-3.7227,-38.5247,29.07,70,20,5.14,Fortaleza,-10800
348,iwon-up,40.3231,128.6553,16.56,48,100,2.39,Iwŏn-ŭp,32400
349,kristinestad,62.2743,21.376,9.5,94,100,4.08,Kristinestad,10800
350,westport,41.1415,-73.3579,26.2,64,75,3.09,Westport,-14400
351,moog,8.6011,124.4658,25.55,81,100,2.19,Moog,28800
352,mar del plata,-38.0023,-57.5575,15.85,84,0,5.66,Mar del Plata,-10800
353,igarka,67.4667,86.5833,0.78,97,100,10.88,Igarka,25200
354,trondheim,63.4305,10.3951,10.51,91,100,1.01,Trondheim,7200
355,cromer,52.9312,1.2989,16.58,95,100,5.19,Cromer,3600
356,canutama,-6.5339,-64.3831,41.73,16,77,1.28,Canutama,-14400
357,srivardhan,18.0333,73.0167,25.21,84,67,0.25,Srīvardhan,19800
358,santa elena de uairen,4.6167,-61.1333,30.27,30,71,3.0,Santa Elena de Uairen,-14400
359,kimbe,-5.5502,150.1429,24.66,94,99,2.0,Kimbe,36000
360,anchorage,61.2181,-149.9003,6.49,89,100,2.57,Anchorage,-28800
361,bria,6.5423,21.9863,21.29,91,100,1.66,Bria,3600
362,mumbwa,-14.9783,27.0619,24.54,38,0,4.13,Mumbwa,7200
363,la leonesa,-27.0379,-58.7035,29.01,30,0,3.94,La Leonesa,-10800
364,yanchep,-31.55,115.6833,14.51,61,98,6.19,Yanchep,28800
365,swakopmund,-22.6833,14.5333,14.47,87,4,0.89,Swakopmund,7200
366,talcahuano,-36.7167,-73.1167,13.82,67,75,4.12,Talcahuano,-10800
367,bubaque,11.2833,-15.8333,28.73,79,34,2.91,Bubaque,0
368,angel r. cabada,18.5833,-95.4333,30.26,70,85,4.04,Ángel R. Cabada,-21600
369,miyaly,48.8844,53.7836,17.95,43,85,7.66,Miyaly,18000
370,opuwo,-18.0607,13.84,25.63,17,10,1.78,Opuwo,7200
371,wewak,-3.5534,143.6268,25.27,88,96,2.41,Wewak,36000
372,lilongwe,-13.9669,33.7873,21.12,69,0,4.53,Lilongwe,7200
373,borogontsy,62.6683,131.1683,7.38,87,100,2.24,Borogontsy,32400
374,coquimbo,-29.9533,-71.3436,17.85,59,20,6.17,Coquimbo,-10800
375,port augusta,-32.5,137.7667,15.79,82,59,4.8,Port Augusta,37800
376,barcelos,41.5388,-8.6151,21.58,90,72,0.47,Barcelos,3600
377,luwuk,-0.9516,122.7875,23.68,75,77,1.84,Luwuk,28800
378,deqen,29.9618,90.7188,8.88,82,21,1.93,Dêqên,28800
379,arno,60.1167,18.6333,13.77,93,100,4.99,Arnö,7200
380,lerwick,60.1545,-1.1494,12.0,83,4,9.02,Lerwick,3600
381,mandal,25.45,74.5667,24.76,36,0,3.14,Māndal,19800
382,suzhou,31.3114,120.6181,19.9,71,97,3.01,Suzhou,28800
383,ancud,-41.8697,-73.8203,9.57,58,86,3.2,Ancud,-10800
384,ambovombe,-25.1667,46.0833,18.72,67,98,6.48,Ambovombe,10800
385,kittila,67.6647,24.8936,2.08,93,100,0.51,Kittilä,10800
386,la paz,-16.5,-68.15,19.99,20,40,3.09,La Paz,-14400
387,uturoa,-16.7333,-151.4333,26.09,81,1,6.72,Uturoa,-36000
388,brezina,33.0989,1.2608,25.05,29,0,2.46,Brezina,3600
389,san patricio,28.017,-97.5169,29.94,63,55,6.3,San Patricio,-18000
390,smara,26.7384,-11.6719,33.57,15,0,4.7,Smara,3600
391,guerrero negro,27.9769,-114.0611,21.83,51,0,7.52,Guerrero Negro,-25200
392,andzhiyevskiy,44.23,43.08,17.41,88,40,3.13,Andzhiyevskiy,10800
393,kochi,9.9399,76.2602,26.68,89,28,2.62,Kochi,19800
394,sena madureira,-9.0656,-68.6569,33.64,47,100,1.2,Sena Madureira,-18000
395,port isabel,26.0734,-97.2086,35.02,72,20,6.17,Port Isabel,-18000
396,el bauga,18.262,33.9081,35.19,15,1,3.57,El Bauga,7200
397,bel ombre,-4.6167,55.4167,27.91,78,40,6.69,Bel Ombre,14400
398,nantucket,41.2835,-70.0995,20.03,82,0,8.75,Nantucket,-14400
399,rawson,-43.3002,-65.1023,12.0,56,64,7.79,Rawson,-10800
400,lyuban',52.7985,28.0048,10.22,73,44,2.72,Lyuban',10800
401,anadyr,64.75,177.4833,-2.72,100,0,5.0,Anadyr,43200
402,san mariano,7.5,126.0,22.98,91,98,0.93,San Mariano,28800
403,tralee,52.2704,-9.7026,10.96,93,63,2.51,Tralee,3600
404,sao joao da barra,-21.6403,-41.0511,24.05,90,86,4.35,São João da Barra,-10800
405,bonthe,7.5264,-12.505,26.38,85,44,2.89,Bonthe,0
406,yuktae-dong,40.0247,128.1597,16.64,48,100,2.2,Yuktae-dong,32400
407,arvika,59.6553,12.5852,11.34,88,100,2.16,Arvika,7200
408,saint-philippe,-21.3585,55.7679,22.77,83,49,2.26,Saint-Philippe,14400
409,dosso,13.049,3.1937,30.81,52,47,3.51,Dosso,3600
410,awjilah,29.1081,21.2869,24.28,46,15,5.95,Awjilah,7200
411,maneromango,-7.1988,38.7848,19.89,93,14,2.85,Maneromango,10800
412,tadine,-21.55,167.8833,21.52,71,100,8.59,Tadine,39600
413,anchau,10.9597,8.3916,21.58,95,100,2.97,Anchau,3600
414,nizhniy kuranakh,58.8353,125.4869,4.48,93,100,2.98,Nizhniy Kuranakh,32400
415,amos,48.5669,-78.1162,23.39,64,100,4.81,Amos,-14400
416,mana,5.6592,-53.7767,29.36,71,51,6.89,Mana,-10800
417,port moresby,-9.4431,147.1797,24.68,94,20,1.54,Port Moresby,36000
418,marsabit,2.3284,37.9899,23.69,38,89,9.46,Marsabit,10800
419,zonguldak,41.25,31.8333,12.38,91,98,0.99,Zonguldak,10800
420,parscov,45.2833,26.55,13.23,57,0,1.75,Pârscov,10800
421,maintirano,-18.0667,44.0167,25.68,79,0,8.57,Maintirano,10800
422,sechura,-5.5569,-80.8222,26.95,54,17,7.11,Sechura,-18000
423,anapa,44.8908,37.3239,21.58,77,0,5.0,Anapa,10800
424,lata,40.1629,-8.3327,21.07,86,0,1.31,Lata,3600
425,gemena,3.25,19.7667,23.04,94,100,1.18,Gemena,3600
426,nadym,65.5333,72.5167,8.99,90,54,9.04,Nadym,18000
427,the pas,53.8251,-101.2541,6.01,93,100,5.14,The Pas,-18000
428,igrim,63.1906,64.4162,10.59,78,68,5.75,Igrim,18000
429,port saint john's,-31.6229,29.5448,17.8,77,0,6.58,Port Saint John's,7200
430,malatya,38.5,38.0,16.03,55,75,3.6,Malatya Province,10800
431,sitia,35.2,26.0986,24.43,70,4,11.65,Sitia,10800
432,tamanrasset,22.785,5.5228,22.95,35,40,1.03,Tamanghasset,3600
433,vikhorevka,56.1201,101.1636,2.62,42,100,2.01,Vikhorevka,28800
434,aras-asan,8.8908,126.3033,25.48,90,100,2.96,Aras-asan,28800
435,bathsheba,13.2167,-59.5167,26.34,89,100,5.14,Bathsheba,-14400
436,canar,-2.55,-78.9333,20.02,75,67,0.57,Cañar,-18000
437,beberibe,-4.1797,-38.1306,27.46,72,78,5.48,Beberibe,-10800
438,shimo-furano,43.35,142.3833,10.84,91,97,5.16,Shimo-furano,32400
439,terralba,39.7192,8.6392,22.1,76,0,0.82,Terralba,7200
440,tari,12.4086,4.4914,28.39,65,100,5.2,Tari,3600
441,brookings,44.3114,-96.7984,32.19,45,0,9.51,Brookings,-18000
442,tazovsky,67.4667,78.7,7.68,96,100,7.47,Tazovsky,18000
443,hays,30.0502,-98.0336,34.33,41,95,3.13,Hays,-18000
444,zhangjiakou shi xuanhua qu,40.6103,115.0447,13.57,59,2,0.54,Zhangjiakou Shi Xuanhua Qu,28800
445,smithers,54.7804,-127.1743,9.18,87,75,1.03,Smithers,-25200
446,kapuskasing,49.4169,-82.4331,28.05,54,40,7.2,Kapuskasing,-14400
447,isla mujeres,21.2311,-86.731,32.03,73,69,3.96,Isla Mujeres,-18000
448,paracuru,-3.41,-39.0306,27.28,75,100,6.17,Paracuru,-10800
449,rongelap,11.1635,166.8941,28.96,76,100,5.21,Rongelap,43200
450,pacific grove,36.6177,-121.9166,21.23,79,0,2.68,Pacific Grove,-25200
451,hilo,19.7297,-155.09,28.12,81,100,1.54,Hilo,-36000
452,mili,6.0815,171.735,28.56,76,38,2.93,Mili,43200
453,acarau,-2.8856,-40.12,28.05,72,95,8.07,Acaraú,-10800
454,muli,2.9167,73.5667,27.77,78,88,5.01,Muli,18000
455,kasongo-lunda,-6.4667,16.8167,21.38,94,99,0.64,Kasongo-Lunda,3600
456,port blair,11.6667,92.75,26.02,94,75,0.51,Port Blair,19800
457,tateyama,34.9833,139.8667,22.2,61,94,4.41,Tateyama,32400
458,zhezqazghan,47.7833,67.7667,10.68,71,11,3.75,Dzhezkazgan,21600
459,weining,26.85,104.2333,16.15,96,99,1.28,Weining,28800
460,juva,56.4368,57.9478,13.23,79,100,5.81,Yuva,18000
461,anloga,5.7947,0.8973,26.97,84,10,4.54,Anloga,0
462,san pedro pochutla,15.7333,-96.4667,31.29,61,80,3.24,San Pedro Pochutla,-21600
463,zeerust,-25.5369,26.0751,16.96,49,0,2.89,Zeerust,7200
464,akdepe,42.0551,59.3788,14.05,43,8,5.35,Akdepe,18000
465,luganville,-15.5333,167.1667,25.2,83,99,7.04,Luganville,39600
466,bandarbeyla,9.4942,50.8122,26.27,88,9,5.25,Bandarbeyla,10800
467,zavodskoy,43.4597,132.2922,10.4,100,40,1.0,Zavodskoy,36000
468,gamay,12.3854,125.2979,26.65,86,100,2.69,Gamay,28800
469,funafuti,-8.5243,179.1942,29.0,89,20,3.09,Funafuti,43200
470,taungdwingyi,20.0167,95.55,23.57,95,74,3.31,Taungdwingyi,23400
471,arkhangel'sk,64.5401,40.5433,3.4,84,46,1.97,Arkhangelsk,10800
472,nizao,18.25,-70.2,34.04,73,49,3.61,Nizao,-14400
473,ndele,8.4109,20.6473,21.47,89,98,0.67,Ndélé,3600
474,sao vicente,-23.9631,-46.3919,23.1,62,100,1.03,São Vicente,-10800
475,kertih,4.5141,103.4483,23.01,100,100,0.51,Kertih,28800
476,araras,-22.3569,-47.3842,28.82,70,79,1.08,Araras,-10800
477,tahe,52.3333,124.7333,3.14,91,79,1.07,Tahe,28800
478,novyy oskol,50.7631,37.8691,12.82,54,75,1.84,Novyy Oskol,10800
479,timbuktu,16.7735,-3.0074,36.02,23,97,1.67,Timbuktu,0
480,campo grande,-20.4428,-54.6464,32.75,46,40,5.14,Campo Grande,-14400
481,selkirk,50.1436,-96.8845,19.49,87,100,2.24,Selkirk,-18000
482,kumylzhenskaya,49.8809,42.5898,18.64,52,100,3.87,Kumylzhenskaya,10800
483,praia da vitoria,38.7333,-27.0667,21.14,73,20,4.93,Praia da Vitória,0
484,raigarh,21.9,83.4,24.06,98,99,0.9,Raigarh,19800
485,ulsteinvik,62.3432,5.8487,13.2,80,93,5.81,Ulsteinvik,7200
486,touros,-5.1989,-35.4608,25.86,77,99,6.25,Touros,-10800
487,ambodifotatra,-16.9833,49.85,23.86,81,11,3.02,Ambodifotatra,10800
488,nova vicosa,-17.8919,-39.3719,25.87,79,95,5.66,Nova Viçosa,-10800
489,panorama,40.5878,23.0315,20.83,56,20,3.6,Panórama,10800
490,hailey,43.5196,-114.3153,13.83,70,0,5.14,Hailey,-21600
491,necochea,-38.5473,-58.7368,16.78,62,100,5.33,Necochea,-10800
492,trincomalee,8.5711,81.2335,27.54,69,100,7.59,Trincomalee,19800
493,jiangyou,31.7667,104.7167,19.33,87,98,0.38,Jiangyou,28800
494,plastun,44.7561,136.2939,13.94,78,4,2.3,Plastun,36000
495,gunnedah,-30.9833,150.25,15.89,52,5,1.18,Gunnedah,39600
496,piti village,13.4626,144.6933,26.84,90,0,2.06,Piti Village,36000
497,kyren,51.6828,102.1408,3.86,79,58,0.89,Kyren,28800
498,whitecourt,54.1502,-115.6855,13.58,71,75,5.66,Whitecourt,-21600
499,al mishkhab,31.8042,44.4911,31.06,30,100,6.6,Al Mishkhāb,10800
500,northam,51.0333,-4.2167,13.67,98,100,8.69,Northam,3600
501,nizhneudinsk,54.9076,99.0276,2.79,77,100,1.34,Nizhneudinsk,28800
502,haiku-pauwela,20.9219,-156.3051,28.43,60,20,3.09,Haiku-Pauwela,-36000
503,malanje,-9.5402,16.341,21.01,83,68,2.85,Malanje,3600
504,damghan,36.1683,54.348,20.62,24,39,1.08,Dāmghān,12600
505,uthai thani,15.3833,99.55,23.86,92,100,1.71,Uthai Thani,25200
506,sinabang,2.4803,96.3801,26.48,77,98,4.91,Sinabang,25200
507,bengkulu,-3.8004,102.2655,22.5,94,100,3.15,Bengkulu,25200
508,palghat,10.7833,76.65,24.1,99,38,2.66,Palakkad,19800
509,tarakan,3.3,117.6333,27.13,82,100,1.28,Tarakan,28800
510,glubokoye,50.1456,82.3114,5.86,93,75,1.0,Glūbokoe,21600
511,batangafo,7.3008,18.2833,22.55,96,92,0.67,Batangafo,3600
512,lagunillas,10.1301,-71.2595,32.03,62,100,2.9,Lagunillas,-14400
513,vernon,50.2581,-119.2691,14.78,76,69,0.51,Vernon,-25200
514,vadso,70.0744,29.7487,2.49,80,75,3.6,Vadsø,7200
515,riosucio,5.4216,-75.7032,23.89,82,100,1.5,Riosucio,-18000
516,manokwari,-0.8667,134.0833,25.68,81,100,1.26,Manokwari,32400
517,gobabis,-22.45,18.9667,24.36,19,86,5.32,Gobabis,7200
518,lillestrom,59.956,11.0492,12.03,91,100,1.51,Lillestrøm,7200
519,greymouth,-42.4667,171.2,6.19,75,0,4.05,Greymouth,46800
520,abepura,-2.6333,140.5833,23.45,94,100,1.03,Abepura,32400
521,okha,53.5739,142.9478,7.94,93,100,10.18,Okha,39600
522,mirny,62.5353,113.9611,-4.31,79,83,0.89,Mirny,32400
523,tymovskoye,50.8456,142.655,10.85,96,100,5.64,Tymovskoye,39600
524,ust'-ilimsk,58.0006,102.6619,-0.99,94,85,3.13,Ust'-Ilimsk,28800
525,kalmunai,7.4167,81.8167,25.25,87,98,6.08,Kalmunai,19800
526,dalandzadgad,43.5708,104.425,8.82,51,0,0.32,Dalandzadgad,28800
527,juan griego,11.0817,-63.9655,30.92,65,100,3.65,Juan Griego,-14400
528,palikir - national government center,6.9248,158.1611,28.49,71,23,0.76,Palikir,39600
529,sendafa,9.15,39.0333,16.64,58,4,2.7,Sendafa,10800
530,qui nhon,13.7667,109.2333,26.1,88,100,2.34,Qui Nhon,25200
531,yur'yevets,57.3201,43.1041,10.58,85,96,3.57,Yur’yevets,10800
532,pitimbu,-7.4706,-34.8086,28.33,69,72,4.62,Pitimbu,-10800
533,xique xique,-10.8217,-42.7311,33.22,33,25,3.2,Xique Xique,-10800
534,amga,60.8953,131.9608,7.21,79,100,1.34,Amga,32400
535,mponela,-13.5319,33.7401,21.43,57,0,5.21,Mponela,7200
536,san antonio de pale,-1.4014,5.6325,25.39,86,100,6.35,San Antonio de Palé,3600
537,lebanon,36.2081,-86.2911,31.02,48,75,3.09,Lebanon,-18000
538,mazatlan,23.2167,-106.4167,33.84,66,23,1.79,Mazatlán,-25200
539,andergrove,-21.0833,149.1833,19.8,85,24,5.27,Andergrove,36000
540,nassau,40.7507,-73.5829,26.69,63,0,1.34,Nassau,-14400
541,portland,45.5234,-122.6762,16.06,78,100,3.09,Portland,-25200
542,truckee,39.328,-120.1833,14.63,60,40,1.54,Truckee,-25200
543,castanos,26.7833,-101.4167,30.51,52,4,3.41,Castaños,-21600
544,urangan,-25.3,152.9,20.22,74,12,3.78,Urangan,36000
545,yanam,16.7333,82.2167,25.74,89,100,1.9,Yanam,19800
546,tazacorte,28.629,-17.9293,24.54,83,40,4.12,Tazacorte,3600
547,puerto aysen,-45.4,-72.7,8.65,87,100,1.48,Puerto Aisén,-10800
548,szekszard,46.3501,18.709,17.21,57,14,2.59,Szekszárd,7200
549,sitka,57.0531,-135.33,10.94,87,100,3.09,Sitka,-28800
550,hata,26.7461,83.7403,24.97,80,98,2.63,Hātā,19800
